{
    "name": "root",
    "metadata": {
        "timer_format_version": "0.1.0",
        "start_time_seconds": "1627481135",
        "python_version": "3.8.10 (default, May 19 2021, 13:12:57) [MSC v.1916 64 bit (AMD64)]",
        "command_line_arguments": "C:\\Users\\zacho\\.conda\\envs\\MLAgents\\Scripts\\mlagents-learn --force",
        "mlagents_version": "0.27.0",
        "mlagents_envs_version": "0.27.0",
        "communication_protocol_version": "1.5.0",
        "pytorch_version": "1.7.1+cu110",
        "numpy_version": "1.21.0",
        "end_time_seconds": "1627481176"
    },
    "total": 40.6009026,
    "count": 1,
    "self": 0.0054263999999975,
    "children": {
        "run_training.setup": {
            "total": 0.03340359999999998,
            "count": 1,
            "self": 0.03340359999999998
        },
        "TrainerController.start_learning": {
            "total": 40.5620726,
            "count": 1,
            "self": 0.052201500000002454,
            "children": {
                "TrainerController._reset_env": {
                    "total": 15.3612285,
                    "count": 1,
                    "self": 15.3612285
                },
                "TrainerController.advance": {
                    "total": 25.0900105,
                    "count": 3891,
                    "self": 0.049641000000118396,
                    "children": {
                        "env_step": {
                            "total": 24.757256899999962,
                            "count": 3891,
                            "self": 19.706874400000373,
                            "children": {
                                "SubprocessEnvManager._take_step": {
                                    "total": 5.0174303999998,
                                    "count": 3891,
                                    "self": 0.15726649999974995,
                                    "children": {
                                        "TorchPolicy.evaluate": {
                                            "total": 4.86016390000005,
                                            "count": 3871,
                                            "self": 1.949448800000006,
                                            "children": {
                                                "TorchPolicy.sample_actions": {
                                                    "total": 2.9107151000000435,
                                                    "count": 3871,
                                                    "self": 2.9107151000000435
                                                }
                                            }
                                        }
                                    }
                                },
                                "workers": {
                                    "total": 0.03295209999978965,
                                    "count": 3890,
                                    "self": 0.0,
                                    "children": {
                                        "worker_root": {
                                            "total": 26.182698499999873,
                                            "count": 3890,
                                            "is_parallel": true,
                                            "self": 8.779580800000012,
                                            "children": {
                                                "steps_from_proto": {
                                                    "total": 0.000237600000000171,
                                                    "count": 1,
                                                    "is_parallel": true,
                                                    "self": 9.53999999993016e-05,
                                                    "children": {
                                                        "_process_rank_one_or_two_observation": {
                                                            "total": 0.0001422000000008694,
                                                            "count": 2,
                                                            "is_parallel": true,
                                                            "self": 0.0001422000000008694
                                                        }
                                                    }
                                                },
                                                "UnityEnvironment.step": {
                                                    "total": 17.40288009999986,
                                                    "count": 3890,
                                                    "is_parallel": true,
                                                    "self": 0.16113209999973677,
                                                    "children": {
                                                        "UnityEnvironment._generate_step_input": {
                                                            "total": 0.3739388000001078,
                                                            "count": 3890,
                                                            "is_parallel": true,
                                                            "self": 0.3739388000001078
                                                        },
                                                        "communicator.exchange": {
                                                            "total": 16.35692419999989,
                                                            "count": 3890,
                                                            "is_parallel": true,
                                                            "self": 16.35692419999989
                                                        },
                                                        "steps_from_proto": {
                                                            "total": 0.5108850000001208,
                                                            "count": 3890,
                                                            "is_parallel": true,
                                                            "self": 0.2950403000001227,
                                                            "children": {
                                                                "_process_rank_one_or_two_observation": {
                                                                    "total": 0.2158446999999981,
                                                                    "count": 7780,
                                                                    "is_parallel": true,
                                                                    "self": 0.2158446999999981
                                                                }
                                                            }
                                                        }
                                                    }
                                                }
                                            }
                                        }
                                    }
                                }
                            }
                        },
                        "trainer_advance": {
                            "total": 0.2831125999999209,
                            "count": 3890,
                            "self": 0.05997289999984545,
                            "children": {
                                "process_trajectory": {
                                    "total": 0.22313970000007544,
                                    "count": 3890,
                                    "self": 0.22313970000007544
                                }
                            }
                        }
                    }
                },